,mother,frames,daughters,edges,area,width,length,perimeter,center
0,0,"[ 1.  2.  3.  4.  5.  6.  7.  8.  9. 10. 11. 12. 13. 14. 15. 16. 17. 18.
 19. 20. 21. 22. 23. 24. 25. 26. 27. 28. 29. 30. 31. 32. 33. 34. 35. 36.
 37. 38. 39. 40. 41. 42. 43. 44. 45.]","[ 0.  0.  0.  0.  0.  0.  0.  0.  0.  0.  0.  3.  0.  0.  0.  0.  0.  0.
  5.  0.  0.  0.  0.  0. 10.  0.  0.  0.  0.  0.  0.  0.  0.  0. 26.  0.
  0.  0.  0.  0.  0.  0.  0. 40.  0.]","['', '', '', '', '', '', '', '', '', '', '', '', '', '', '', '', '', '', '', '', '', '', '', '', '', '', '', '', '', '', '', '', '', '', '', '', '', '', '', '', '', '', '', '', '']","[ 565.   624.5  688.   734.   772.   828.   932.5 1011.5 1089.5 1190.
 1300.5  774.5  841.5  929.  1032.5 1169.  1275.  1381.   814.   871.5
 1025.5 1163.5 1267.5 1365.   698.   732.5  771.   811.   849.5  864.5
  908.  1000.5 1102.  1177.5  599.5  620.5  618.5  707.5  747.   822.
  891.   946.5  900.5  534.   567.5]","[14.        14.        15.611453  15.920806  15.67858   15.689291
 15.431641  15.235036  15.34211   14.936002  14.859592  15.214535
 15.172421  14.525681  14.304591  14.872062  16.449091  16.765436
 15.220266  16.006792  16.323967  16.681393  17.065962  17.641882
 15.12086   15.28976   15.089878  15.396797  15.15206   14.675468
 15.238925  15.353968  16.406988  17.321457  14.0681925 13.939529
 14.000002  14.367988  14.976906  15.397802  16.009613  15.495159
 15.338777  14.422205  14.298542 ]","[ 46.        50.        52.16307   57.422234  61.759975  65.698906
  73.73322   82.03044   88.95504   97.163635 110.163734  63.378334
  68.46149   77.30111   83.06984   92.25817  102.369095 115.32693
  65.153786  70.12684   79.393845  86.605576  94.0218   101.783066
  56.02857   57.380737  62.18568   65.72563   69.058426  71.16386
  74.29822   81.48447   89.871796  98.85814   51.014137  52.994244
  54.40001   59.033688  62.403778  65.89107   70.49612   75.57842
  81.69803   45.76277   49.209267]","[ 25.  22.  28.  52.  61.  56.  66.  63.  81.  78.  89.  45.  40.  44.
  29.  32.  54.  83.  33.  60. 104. 103. 110. 111.  53.  44.  70.  80.
  91. 107.  97. 108.  98.  98.  62.  62.  59.  53.  64.  92.  90.  92.
  97.  54.  68.]","[[930. 851.]
 [919. 853.]
 [912. 855.]
 [902. 861.]
 [894. 866.]
 [888. 868.]
 [880. 874.]
 [879. 879.]
 [872. 882.]
 [866. 881.]
 [862. 888.]
 [859. 863.]
 [858. 858.]
 [855. 857.]
 [854. 851.]
 [853. 848.]
 [849. 851.]
 [850. 842.]
 [846. 813.]
 [844. 809.]
 [835. 811.]
 [829. 808.]
 [827. 810.]
 [826. 813.]
 [837. 791.]
 [834. 789.]
 [830. 787.]
 [829. 786.]
 [827. 784.]
 [828. 782.]
 [826. 785.]
 [825. 782.]
 [823. 778.]
 [821. 775.]
 [838. 759.]
 [837. 765.]
 [836. 760.]
 [837. 762.]
 [834. 759.]
 [830. 760.]
 [828. 754.]
 [824. 751.]
 [818. 745.]
 [837. 723.]
 [835. 713.]]"
1,0,"[ 1.  2.  3.  4.  5.  6.  7.  8.  9. 10. 11. 12. 13. 14. 15. 16. 17. 18.
 19. 20. 21. 22. 23. 24. 25. 26. 27. 28. 29. 30. 31. 32. 33. 34. 35. 36.
 37. 38. 39. 40. 41. 42. 43. 44. 45.]","[ 0.  0.  0.  0.  0.  0.  0.  0.  0.  0.  0.  0.  4.  0.  0.  0.  0.  0.
  0.  0.  7.  0.  0.  0.  0.  0. 13.  0.  0.  0.  0.  0.  0. 19.  0.  0.
  0.  0.  0.  0.  0.  0. 34.  0.  0.]","['', '', '', '', '', '', '', '', '', '', '', '', '', '', '', '', '', '', '', '', '', '', '', '', '', '', '', '', '', '', '', '', '', '', '', '', '', '', '', '', '', '', '', '', '']","[ 553.5  585.   650.   686.5  759.   839.5  930.  1010.5 1093.5 1205.
 1329.  1458.   798.   874.   968.5 1037.  1150.5 1296.5 1399.  1605.5
  863.   936.5  999.5 1179.  1275.  1312.   687.5  726.   781.5  831.
  901.   973.5 1052.   562.5  594.5  617.5  687.   732.5  806.5  904.
  954.5  939.5  456.5  467.5  482. ]","[14.687394  14.687395  15.220303  15.119469  15.550178  15.700302
 15.629152  15.004629  14.657646  14.975431  15.652475  16.895947
 14.775897  14.6858425 14.        14.188655  14.916733  15.182114
 15.692288  16.567923  15.        15.        14.994297  16.107828
 15.684885  15.509125  15.        14.7690325 13.931491  14.
 14.52408   15.311378  15.411479  14.129528  14.        13.212455
 13.68997   13.629102  13.953064  15.331335  15.359669  15.089695
 13.576774  12.851119  12.649111 ]","[ 46.71254   49.583763  53.1463    56.2227    60.92226   66.08358
  73.330284  81.019714  88.710625  97.27905  106.43684  118.16765
  65.29349   69.58486   78.        86.171104  94.3398   104.479485
 113.35766  125.48027   69.        77.        82.32464   92.25044
 101.198265 109.347     56.        60.23242   66.09309   71.
  74.05879   82.34773   90.17699   49.353848  52.        56.196976
  60.48478   64.108734  68.423676  74.56875   79.11594   83.52465
  42.602978  45.328133  45.853024]","[ 41.  46.  37.  47.  43.  55.  62.  74.  80.  88.  94.  86.  32.  37.
  28.  37.  44.  50.  51.  62.  39.  47.  49.  55.  48.  77.  32.  36.
  33.  40.  37.  35.  54.  38.  32.  38.  40.  36.  53.  88. 112. 109.
  64.  44.  56.]","[[936. 904.]
 [926. 909.]
 [920. 913.]
 [914. 909.]
 [907. 909.]
 [903. 908.]
 [896. 907.]
 [896. 906.]
 [890. 902.]
 [885. 895.]
 [882. 895.]
 [877. 894.]
 [880. 857.]
 [877. 854.]
 [876. 852.]
 [875. 854.]
 [872. 859.]
 [873. 857.]
 [869. 862.]
 [867. 863.]
 [865. 826.]
 [864. 818.]
 [865. 819.]
 [867. 820.]
 [867. 825.]
 [866. 823.]
 [866. 798.]
 [867. 797.]
 [867. 802.]
 [872. 799.]
 [872. 798.]
 [872. 791.]
 [874. 782.]
 [874. 759.]
 [873. 757.]
 [874. 761.]
 [873. 753.]
 [874. 752.]
 [876. 747.]
 [878. 754.]
 [881. 754.]
 [885. 760.]
 [875. 736.]
 [874. 736.]
 [875. 732.]]"
2,1,"[12. 13. 14. 15. 16. 17. 18. 19. 20. 21. 22. 23. 24. 25. 26. 27. 28. 29.
 30. 31. 32. 33. 34. 35. 36. 37. 38. 39. 40. 41. 42. 43. 44. 45.]","[ 0.  0.  0.  0.  0.  0.  0.  6.  0.  0.  0.  0.  0. 12.  0.  0.  0.  0.
  0.  0.  0.  0. 25.  0.  0.  0.  0.  0.  0.  0.  0.  0. 43.  0.]","['', '', '', '', '', '', '', '', '', '', '', '', '', '', '', '', '', '', '', '', '', '', '', '', '', '', '', '', '', '', '', '', '', '']","[ 665.   742.   816.   934.5 1050.5 1206.5 1312.   676.5  772.   836.
  974.5 1062.5 1135.5  631.5  672.5  751.   808.5  829.5  853.5  835.5
  873.5  933.   443.5  483.   522.   561.5  602.   638.   656.   712.5
  757.5  787.5  393.5  445.5]","[14.6883    15.151659  15.1626    15.696498  15.        15.
 15.345472  13.612738  14.39271   13.        14.        14.994217
 17.131397  16.        15.244754  15.51787   15.507601  14.911518
 13.999998  13.967873  13.13902   14.494464  12.578226  12.747307
 13.186612  13.323972  13.5081215 14.033348  13.154008  12.805177
 12.6756525 13.297993  11.750077  12.323444 ]","[ 55.899742  61.960613  68.55368   77.1031    87.        97.
 106.197945  59.286366  66.06899   72.        81.        87.105286
  96.12251   51.        55.201736  61.28496   66.18707   68.133514
  70.999985  74.10808   79.05285   85.58061   43.18013   46.067005
  48.762997  51.922287  54.400894  57.003685  61.281155  66.978806
  69.780106  74.651695  40.456852  42.802803]","[52. 44. 49. 46. 42. 42. 42. 30. 32. 22. 30. 37. 64. 43. 38. 34. 39. 37.
 33. 42. 45. 44. 38. 54. 58. 60. 66. 79. 84. 52. 49. 62. 30. 39.]","[[ 851.  925.]
 [ 848.  929.]
 [ 844.  935.]
 [ 840.  934.]
 [ 839.  935.]
 [ 835.  935.]
 [ 836.  935.]
 [ 834.  974.]
 [ 831.  978.]
 [ 829.  971.]
 [ 827.  970.]
 [ 826.  984.]
 [ 826.  991.]
 [ 823. 1022.]
 [ 819. 1018.]
 [ 812. 1028.]
 [ 807. 1035.]
 [ 803. 1036.]
 [ 804. 1034.]
 [ 801. 1041.]
 [ 797. 1047.]
 [ 795. 1041.]
 [ 795. 1067.]
 [ 790. 1066.]
 [ 790. 1070.]
 [ 787. 1063.]
 [ 788. 1067.]
 [ 788. 1069.]
 [ 785. 1075.]
 [ 786. 1076.]
 [ 787. 1080.]
 [ 786. 1084.]
 [ 800. 1105.]
 [ 800. 1108.]]"
3,2,"[13. 14. 15. 16. 17. 18. 19. 20. 21. 22. 23. 24. 25. 26. 27. 28. 29. 30.
 31. 32. 33. 34. 35. 36. 37. 38. 39. 40. 41. 42. 43. 44. 45.]","[ 0.  0.  0.  0.  0.  0.  0.  0.  0.  8.  0.  0.  0.  0.  0. 15.  0.  0.
  0.  0.  0.  0.  0.  0.  0.  0.  0.  0.  0.  0. 39.  0.  0.]","['', '', '', '', '', '', '', '', '', '', '', '', '', '', '', '', '', '', '', '', '', '', '', '', '', '', '', '', '', '', '', '', '']","[ 707.   783.   855.   899.5 1080.5 1181.5 1330.5 1479.5 1647.5  868.
  951.  1086.5 1157.  1253.5 1342.   692.   714.   721.   761.5  794.5
  812.   878.   928.5  946.5  961.5  983.5 1072.5 1149.  1137.5 1132.5
  606.   618.5  660.5]","[14.946409  15.059336  14.604091  14.311265  15.838241  14.922854
 15.        15.172055  15.432615  15.        15.248544  15.898846
 15.5589905 15.600406  15.389797  14.524159  14.468741  13.967009
 14.293128  13.879408  14.553315  14.995946  14.976903  14.9926815
 14.43415   14.258006  14.720623  14.204926  15.293282  16.597439
 12.824152  12.164576  12.788491 ]","[ 61.252342  64.016495  71.56666   77.32521   87.416595  96.04294
 107.       118.26542  131.03868   71.        78.08278   85.38594
  91.69872   97.72067  108.43071   59.34603   60.401257  62.418083
  65.269196  65.82929   68.599976  73.584755  77.65802   80.273315
  82.29033   85.548035  89.34517   95.729805 100.53377  104.980225
  57.47692   60.974934  65.25758 ]","[ 67.  54.  45.  35.  44.  42.  40.  54.  55.  34.  61. 119. 135. 124.
 110.  59.  32.  40.  61.  40.  68.  81.  89.  61.  55.  65. 108. 150.
 120. 127.  56.  46.  45.]","[[ 870.  923.]
 [ 866.  926.]
 [ 862.  930.]
 [ 860.  937.]
 [ 857.  950.]
 [ 858.  953.]
 [ 856.  971.]
 [ 852.  983.]
 [ 850.  974.]
 [ 846. 1007.]
 [ 842. 1026.]
 [ 847. 1030.]
 [ 851. 1024.]
 [ 851. 1023.]
 [ 850. 1027.]
 [ 834. 1053.]
 [ 834. 1053.]
 [ 838. 1055.]
 [ 837. 1064.]
 [ 839. 1068.]
 [ 846. 1069.]
 [ 848. 1074.]
 [ 848. 1078.]
 [ 851. 1084.]
 [ 851. 1078.]
 [ 855. 1083.]
 [ 861. 1083.]
 [ 864. 1090.]
 [ 872. 1082.]
 [ 876. 1078.]
 [ 866. 1109.]
 [ 869. 1113.]
 [ 870. 1115.]]"
4,1,"[19. 20. 21. 22. 23. 24. 25. 26. 27. 28. 29. 30. 31. 32. 33. 34. 35. 36.
 37. 38. 39. 40. 41. 42. 43. 44. 45.]","[ 0.  0.  0.  0.  0.  9.  0.  0.  0.  0.  0.  0.  0.  0. 17.  0.  0.  0.
  0.  0.  0.  0.  0.  0.  0.  0.  0.]","['', '', '', '', '', '', '', '', '', '', '', '', '', '', '', '', '', '', '', '', '', '', '', '', '', '', '']","[ 719.   813.5  937.5 1026.5 1134.   576.   661.5  743.   819.5  868.5
  911.   978.  1015.5 1006.   509.   552.   601.5  616.5  664.5  710.5
  762.   813.   851.   904.   979.5 1048.5 1068. ]","[14.326174 14.802336 15.589462 16.763578 17.597982 14.471559 15.
 15.28037  15.256272 15.231456 15.564529 16.34834  16.60841  16.105139
 14.708213 14.602503 15.018851 14.800142 14.416034 14.768585 15.183493
 15.800556 16.258535 16.770218 16.427969 16.568487 16.436178]","[59.83648  67.86607  76.10421  80.09959  91.170265 47.11585  52.
 59.29448  64.49806  67.87803  70.998985 74.06341  75.84859  81.598114
 43.077793 46.18577  49.519703 53.011414 56.43619  59.54856  64.062485
 67.29866  70.491295 74.901085 80.6464   86.64255  93.62598 ]","[ 44.  55.  43.  50.  64.  37.  32.  47.  43.  42.  53.  58.  55.  69.
  32.  30.  66.  65.  81.  86.  84.  86.  92.  94. 105. 102. 115.]","[[849. 882.]
 [848. 885.]
 [845. 863.]
 [843. 850.]
 [843. 852.]
 [845. 882.]
 [845. 888.]
 [844. 888.]
 [841. 893.]
 [841. 895.]
 [841. 895.]
 [845. 894.]
 [844. 899.]
 [844. 900.]
 [846. 926.]
 [844. 932.]
 [844. 938.]
 [845. 940.]
 [847. 929.]
 [851. 928.]
 [854. 927.]
 [852. 933.]
 [853. 933.]
 [852. 940.]
 [846. 951.]
 [846. 951.]
 [845. 952.]]"
5,3,"[19. 20. 21. 22. 23. 24. 25. 26. 27. 28. 29. 30. 31. 32. 33. 34. 35. 36.
 37. 38. 39. 40. 41. 42. 43. 44. 45.]","[ 0.  0.  0.  0.  0.  0. 11.  0.  0.  0.  0.  0.  0.  0.  0. 20.  0.  0.
  0.  0.  0.  0.  0.  0.  0.  0.  0.]","['', '', '', '', '', '', '', '', '', '', '', '', '', '', '', '', '', '', '', '', '', '', '', '', '', '', '']","[ 693.5  716.5  848.5  895.5  992.5 1072.   518.   556.   558.5  613.
  649.5  679.5  707.5  717.5  716.5  368.   376.5  384.5  408.5  416.5
  434.5  482.   524.   516.5  554.   572.5  576.5]","[16.477503  15.483526  15.256272  15.160182  14.922081  15.068511
 15.74192   15.148855  14.140212  14.112156  14.622604  14.489287
 15.        15.        16.090769  14.567661  13.821928  14.
 14.        14.200325  14.015924  14.579019  15.4931755 14.424979
 14.168907  14.313537  13.859294 ]","[53.506622 59.033863 68.46717  74.3282   81.221924 91.08279  43.379723
 47.164474 49.477627 52.4604   54.149326 56.112362 57.       58.
 61.543484 31.99564  32.987385 32.       35.       36.277393 37.70656
 40.791035 43.14555  44.547726 47.37173  48.50219  50.34601 ]","[41. 60. 49. 44. 41. 52. 36. 43. 35. 32. 36. 27. 37. 43. 56. 32. 27. 27.
 28. 33. 30. 36. 40. 42. 31. 35. 44.]","[[832. 913.]
 [831. 910.]
 [827. 894.]
 [824. 887.]
 [823. 894.]
 [825. 891.]
 [825. 858.]
 [825. 841.]
 [823. 835.]
 [824. 831.]
 [826. 828.]
 [831. 824.]
 [831. 827.]
 [831. 824.]
 [834. 821.]
 [832. 798.]
 [833. 796.]
 [835. 800.]
 [834. 797.]
 [834. 801.]
 [835. 795.]
 [836. 795.]
 [837. 791.]
 [838. 788.]
 [837. 776.]
 [839. 777.]
 [839. 770.]]"
6,2,"[21. 22. 23. 24. 25. 26. 27. 28. 29. 30. 31. 32. 33. 34. 35. 36. 37. 38.
 39. 40. 41. 42. 43. 44. 45.]","[ 0.  0.  0.  0.  0.  0.  0.  0.  0.  0.  0.  0. 18.  0.  0.  0.  0.  0.
  0.  0.  0.  0.  0.  0.  0.]","['', '', '', '', '', '', '', '', '', '', '', '', '', '', '', '', '', '', '', '', '', '', '', '', '']","[ 831.5  910.  1000.5 1112.5 1189.  1233.  1293.  1361.5 1370.  1393.
 1467.  1496.   768.5  892.5  976.5 1019.5 1073.5 1154.  1240.5 1295.5
 1370.5 1387.5 1444.  1502.5 1594.5]","[15.274064 15.479122 15.73082  15.       16.000698 16.877623 17.372263
 17.494982 16.692188 16.365067 16.139914 16.051386 16.00735  17.0763
 17.055374 16.941319 16.734959 16.7687   16.685871 16.629673 16.
 17.658575 17.5983   16.757414 16.822937]","[ 65.32758   71.415504  79.22749   87.        93.16429   95.44195
  99.798386 104.92311  110.10167  113.20174  117.55049  120.88007
  63.78687   71.15125   76.39582   81.48581   85.615074  90.74825
  96.19686   99.19355  105.       110.03632  117.344925 124.23825
 132.02896 ]","[ 40.  38.  50.  35.  47.  50.  61.  96. 112. 132. 131. 140.  77.  78.
  81.  76.  86.  76.  67.  58.  51.  56.  64.  64.  55.]","[[ 869.  899.]
 [ 866.  899.]
 [ 865.  907.]
 [ 866.  917.]
 [ 866.  929.]
 [ 865.  932.]
 [ 861.  942.]
 [ 859.  952.]
 [ 855.  968.]
 [ 857.  975.]
 [ 854.  986.]
 [ 851.  993.]
 [ 842. 1027.]
 [ 841. 1037.]
 [ 839. 1041.]
 [ 839. 1046.]
 [ 838. 1039.]
 [ 838. 1044.]
 [ 840. 1047.]
 [ 840. 1058.]
 [ 843. 1067.]
 [ 847. 1079.]
 [ 848. 1092.]
 [ 850. 1100.]
 [ 850. 1105.]]"
7,4,"[22. 23. 24. 25. 26. 27. 28. 29. 30. 31. 32. 33. 34. 35. 36. 37. 38. 39.
 40. 41. 42. 43. 44. 45.]","[ 0.  0.  0.  0.  0. 14.  0.  0.  0.  0.  0.  0.  0.  0.  0.  0.  0. 31.
  0.  0.  0.  0.  0.  0.]","['', '', '', '', '', '', '', '', '', '', '', '', '', '', '', '', '', '', '', '', '', '', '', '']","[ 821.5  907.   995.  1039.  1093.   520.   533.   560.   572.   607.5
  653.5  721.5  745.   815.   867.   931.5  963.5  508.5  571.   610.5
  626.5  639.5  670.   672. ]","[14.203973  14.885565  14.999998  15.653594  15.634779  13.064765
 13.0809555 12.911891  13.418986  13.323975  13.520013  14.067066
 14.508317  14.206023  14.214724  14.31741   15.047719  14.015924
 14.859319  15.150283  15.        15.526301  15.822983  14.636099 ]","[68.06613  75.059944 79.999985 84.439095 89.57544  47.033157 48.50642
 51.372845 51.746418 54.80686  58.240063 61.60405  66.05681  70.020004
 73.54574  79.07115  87.28264  45.148643 48.23301  50.32477  54.
 53.60035  55.429886 57.552116]","[40. 37. 45. 57. 54. 40. 53. 64. 61. 63. 70. 66. 54. 64. 71. 76. 89. 36.
 38. 30. 38. 50. 34. 40.]","[[ 848.  931.]
 [ 847.  943.]
 [ 846.  954.]
 [ 844.  966.]
 [ 842.  972.]
 [ 840.  956.]
 [ 838.  960.]
 [ 837.  963.]
 [ 839.  965.]
 [ 837.  972.]
 [ 835.  977.]
 [ 833.  985.]
 [ 830.  994.]
 [ 826. 1004.]
 [ 827. 1010.]
 [ 826. 1002.]
 [ 826. 1005.]
 [ 828.  981.]
 [ 826.  987.]
 [ 827.  989.]
 [ 826.  996.]
 [ 821. 1003.]
 [ 821. 1006.]
 [ 818. 1006.]]"
8,5,"[24. 25. 26. 27. 28. 29. 30. 31. 32. 33. 34. 35. 36. 37. 38. 39. 40. 41.
 42. 43. 44. 45.]","[ 0.  0.  0.  0.  0.  0.  0.  0.  0. 16.  0.  0.  0.  0.  0.  0.  0.  0.
  0. 35.  0.  0.]","['', '', '', '', '', '', '', '', '', '', '', '', '', '', '', '', '', '', '', '', '', '']","[590.5 612.  625.5 681.  735.5 779.  816.  838.5 853.5 373.5 420.  450.
 481.  527.5 585.  635.  678.  708.5 711.5 353.5 324.  366.5]","[16.263456 15.       14.       14.438381 15.139404 14.824391 14.915261
 13.506858 14.217156 13.580362 14.       14.       13.822973 14.
 14.240919 15.389363 15.52258  15.423077 14.938398 14.       12.823122
 13.281566]","[46.66905  50.       53.       58.293278 61.322014 65.2314   67.08807
 71.02461  75.104965 34.131973 38.       40.       42.2573   46.
 51.14596  55.430206 58.508186 61.592804 64.55198  31.       32.3866
 35.101276]","[41. 30. 25. 38. 32. 40. 36. 22. 49. 28. 24. 33. 28. 34. 40. 46. 47. 43.
 46. 25. 39. 55.]","[[845. 830.]
 [846. 829.]
 [846. 825.]
 [844. 825.]
 [845. 824.]
 [846. 823.]
 [851. 820.]
 [852. 823.]
 [852. 822.]
 [853. 793.]
 [853. 788.]
 [854. 786.]
 [856. 791.]
 [855. 786.]
 [855. 791.]
 [856. 786.]
 [858. 786.]
 [859. 784.]
 [860. 782.]
 [859. 759.]
 [857. 745.]
 [856. 738.]]"
9,1,[25. 26. 27. 28. 29. 30. 31. 32. 33. 34.],[ 0.  0.  0.  0.  0.  0.  0.  0.  0. 21.],"['', '', '', '', '', '', '', '', '', '']",[ 581.5  590.   666.   713.   787.   824.5  884.   936.5 1014.5  510. ],"[15.054275 14.187603 14.802335 15.289106 16.249887 17.0763   16.76007
 16.762896 16.835936 15.      ]","[47.004757 49.683487 54.583614 56.71765  60.148834 61.348186 66.72405
 71.756966 79.38113  41.      ]",[64. 38. 48. 57. 72. 71. 85. 76. 81. 32.],"[[807. 840.]
 [804. 841.]
 [801. 843.]
 [801. 842.]
 [800. 840.]
 [804. 837.]
 [803. 841.]
 [802. 841.]
 [804. 840.]
 [797. 863.]]"
10,6,"[25. 26. 27. 28. 29. 30. 31. 32. 33. 34. 35. 36. 37. 38. 39. 40. 41. 42.
 43. 44. 45.]","[ 0.  0.  0.  0.  0.  0.  0.  0.  0. 22.  0.  0.  0.  0.  0.  0.  0.  0.
  0.  0. 46.]","['', '', '', '', '', '', '', '', '', '', '', '', '', '', '', '', '', '', '', '', '']","[595.  652.  681.5 745.  781.  808.5 834.5 895.5 977.5 449.  484.5 497.5
 530.5 587.5 611.5 634.5 687.  721.  812.  827.5 442. ]","[15.128369  14.3027115 14.138313  14.467111  14.954341  14.849243
 15.106673  15.537771  16.430342  15.        14.758047  15.494162
 15.205261  14.890407  14.484236  14.494996  14.519625  14.559781
 15.721124  15.740524  14.69495  ]","[50.16796  53.265274 57.868443 61.978416 63.95265  65.76094  67.580215
 72.5439   78.38641  37.       39.354797 41.361534 43.379715 47.877087
 50.88052  53.688168 57.485863 61.11722  66.28366  70.05569  40.15481 ]","[45. 50. 42. 56. 59. 53. 48. 46. 44. 32. 56. 58. 58. 71. 72. 70. 75. 72.
 56. 90. 51.]","[[826. 910.]
 [823. 896.]
 [819. 894.]
 [819. 893.]
 [819. 889.]
 [822. 885.]
 [821. 887.]
 [821. 886.]
 [823. 881.]
 [825. 903.]
 [825. 903.]
 [824. 913.]
 [822. 909.]
 [820. 917.]
 [822. 920.]
 [820. 928.]
 [820. 928.]
 [819. 931.]
 [815. 935.]
 [812. 939.]
 [815. 951.]]"
11,3,"[25. 26. 27. 28. 29. 30. 31. 32. 33. 34. 35. 36. 37. 38. 39. 40. 41. 42.
 43. 44. 45.]","[ 0.  0.  0.  0.  0.  0.  0.  0.  0. 24.  0.  0.  0.  0.  0.  0.  0.  0.
 38.  0.  0.]","['', '', '', '', '', '', '', '', '', '', '', '', '', '', '', '', '', '', '', '', '']","[561.5 611.5 699.  780.5 824.5 828.  863.  902.  930.5 487.  534.5 588.5
 594.  628.  677.5 729.5 774.5 788.  390.  429.  472. ]","[13.363404 13.645927 14.487551 15.10835  15.970614 15.811387 15.94939
 16.443844 15.786088 14.441032 14.290131 15.922497 15.384349 14.512062
 13.684175 13.914021 14.862703 15.270663 13.010766 13.863621 13.914021]","[49.124043 53.524143 61.658463 66.93162  70.20298  70.83501  73.68169
 75.89467  82.67256  42.379234 44.848263 47.534805 50.679657 54.94738
 59.764145 63.561775 67.67274  72.02316  37.47666  38.90758  41.109604]","[30. 34. 54. 67. 82. 86. 90. 93. 94. 52. 40. 55. 68. 68. 92. 84. 82. 72.
 37. 57. 52.]","[[823. 965.]
 [822. 957.]
 [819. 960.]
 [817. 963.]
 [817. 961.]
 [821. 958.]
 [819. 963.]
 [818. 966.]
 [817. 969.]
 [820. 951.]
 [818. 948.]
 [816. 948.]
 [813. 938.]
 [808. 939.]
 [805. 934.]
 [802. 939.]
 [802. 941.]
 [801. 945.]
 [793. 930.]
 [786. 926.]
 [781. 916.]]"
12,2,"[27. 28. 29. 30. 31. 32. 33. 34. 35. 36. 37. 38. 39. 40. 41. 42. 43. 44.
 45.]","[ 0.  0.  0.  0.  0.  0.  0. 23.  0.  0.  0.  0.  0.  0. 32.  0.  0.  0.
  0.]","['', '', '', '', '', '', '', '', '', '', '', '', '', '', '', '', '', '', '']","[ 660.   728.5  833.5  951.5 1034.  1103.  1181.5  587.5  617.5  680.5
  678.   727.   839.5  877.5  430.5  471.5  507.5  530.   564. ]","[15.610825 15.695882 15.502614 16.328472 16.296434 16.326664 16.830273
 14.847861 14.128853 14.846155 14.422204 13.571238 15.389375 16.296833
 13.863621 14.694952 13.982237 13.719887 13.748479]","[54.450016 59.409973 66.003555 72.36337  80.21466  85.680695 94.95449
 49.160908 53.365368 57.384624 60.184967 66.5226   72.622116 76.99613
 38.013153 40.15481  43.949677 47.162106 49.235397]","[50. 42. 43. 39. 59. 54. 78. 37. 60. 79. 72. 61. 71. 72. 63. 55. 50. 62.
 66.]","[[860. 860.]
 [861. 865.]
 [863. 875.]
 [868. 877.]
 [868. 883.]
 [868. 884.]
 [871. 880.]
 [865. 902.]
 [865. 898.]
 [864. 894.]
 [861. 882.]
 [869. 887.]
 [872. 885.]
 [873. 890.]
 [893. 902.]
 [896. 906.]
 [890. 911.]
 [883. 907.]
 [886. 905.]]"
13,8,"[27. 28. 29. 30. 31. 32. 33. 34. 35. 36. 37. 38. 39. 40. 41. 42. 43. 44.
 45.]","[ 0.  0.  0.  0.  0.  0.  0.  0.  0.  0.  0. 29.  0.  0.  0.  0.  0.  0.
  0.]","['', '', '', '', '', '', '', '', '', '', '', '', '', '', '', '', '', '', '']","[571.5 594.  591.  612.5 660.  712.  792.  841.  879.5 907.5 922.  496.5
 538.5 593.  572.  593.5 620.  682.5 726.5]","[16.405489  16.        14.154385  14.0280905 14.762233  14.1909
 14.434934  16.083525  16.524824  16.639605  16.169243  14.4940195
 14.879998  15.412712  14.531776  13.589634  14.023004  14.180577
 14.       ]","[44.41334  46.       49.248928 51.231354 55.13572  60.10407  65.0601
 68.18082  70.61139  74.72832  78.33817  41.975037 44.919994 48.28079
 49.337727 52.06207  55.32557  58.190342 62.      ]","[36. 34. 30. 28. 32. 30. 35. 46. 77. 82. 88. 50. 53. 66. 41. 28. 34. 43.
 33.]","[[ 834. 1006.]
 [ 828. 1014.]
 [ 824. 1019.]
 [ 825. 1023.]
 [ 821. 1030.]
 [ 818. 1039.]
 [ 816. 1049.]
 [ 814. 1059.]
 [ 810. 1063.]
 [ 809. 1067.]
 [ 807. 1060.]
 [ 813. 1087.]
 [ 817. 1095.]
 [ 820. 1106.]
 [ 823. 1105.]
 [ 826. 1115.]
 [ 825. 1123.]
 [ 828. 1133.]
 [ 830. 1138.]]"
14,4,[28. 29. 30. 31. 32. 33. 34. 35. 36. 37. 38. 39. 40. 41. 42. 43. 44. 45.],[ 0.  0.  0.  0.  0.  0.  0.  0. 28.  0.  0.  0.  0.  0.  0.  0.  0.  0.],"['', '', '', '', '', '', '', '', '', '', '', '', '', '', '', '', '', '']","[644.  612.5 640.5 687.  723.  768.  845.5 867.  468.  490.5 511.5 557.
 600.  649.5 669.  695.5 752.5 814. ]","[14.605353  13.597794  13.682902  13.6859455 13.732353  14.2103615
 14.317821  13.968607  13.601339  14.067066  13.748515  14.2302475
 14.310834  14.158694  13.60564   14.317783  14.648623  15.205261 ]","[51.62021  52.49381  55.056686 58.802372 61.98355  65.80268  72.008156
 77.87499  42.772636 43.413876 45.289227 48.06662  50.98235  55.47041
 58.68701  61.870964 65.877426 71.106964]","[ 72.  66.  77.  76.  83.  84.  69.  78.  56.  50.  53.  68.  77.  80.
  89.  99.  95. 105.]","[[ 867. 1003.]
 [ 868. 1000.]
 [ 871. 1000.]
 [ 869. 1006.]
 [ 868. 1006.]
 [ 870. 1001.]
 [ 869. 1000.]
 [ 867. 1001.]
 [ 871.  990.]
 [ 870.  986.]
 [ 869.  989.]
 [ 869.  989.]
 [ 868.  994.]
 [ 870.  995.]
 [ 871.  998.]
 [ 870.  999.]
 [ 872. 1000.]
 [ 872.  999.]]"
15,9,[33. 34. 35. 36. 37. 38. 39. 40. 41. 42. 43. 44. 45.],[ 0.  0.  0.  0.  0.  0.  0.  0.  0.  0. 36.  0.  0.],"['', '', '', '', '', '', '', '', '', '', '', '', '']","[477.  552.5 597.  647.5 686.5 735.  778.5 802.5 856.5 910.5 488.5 493.5
 485. ]","[14.627047 15.246084 15.451462 15.205261 14.92042  15.808956 15.858789
 15.693411 15.531604 15.098719 15.723283 15.652476 14.900281]","[41.19454  45.698753 49.933544 52.771202 56.87435  61.294376 64.63657
 67.722015 72.94307  79.39393  40.63643  39.80201  41.246685]",[39. 48. 42. 73. 79. 59. 58. 73. 77. 97. 53. 46. 51.],"[[857. 838.]
 [856. 837.]
 [856. 839.]
 [858. 842.]
 [858. 841.]
 [859. 848.]
 [860. 845.]
 [860. 849.]
 [861. 848.]
 [863. 852.]
 [874. 876.]
 [873. 871.]
 [874. 869.]]"
16,5,[33. 34. 35. 36. 37. 38. 39. 40. 41. 42. 43. 44. 45.],[ 0.  0.  0.  0.  0.  0.  0.  0.  0.  0. 37.  0.  0.],"['', '', '', '', '', '', '', '', '', '', '', '', '']","[538.  555.  588.  627.  655.5 687.  705.  772.5 829.5 808.  408.  424.5
 460. ]","[16.       16.52605  15.505155 15.674883 15.686863 16.155962 15.782303
 15.380307 15.697771 15.025062 12.770544 13.       14.      ]","[40.       43.349747 47.702793 49.70844  52.745552 55.286564 59.019234
 64.00192  69.013626 75.32432  37.2257   40.       41.      ]",[27. 38. 49. 48. 65. 52. 59. 49. 60. 70. 23. 28. 34.],"[[845. 879.]
 [844. 879.]
 [841. 883.]
 [839. 887.]
 [835. 881.]
 [834. 888.]
 [835. 889.]
 [833. 893.]
 [834. 894.]
 [834. 897.]
 [831. 878.]
 [831. 876.]
 [831. 877.]]"
17,7,[33. 34. 35. 36. 37. 38. 39. 40. 41. 42. 43. 44. 45.],[ 0.  0.  0.  0.  0.  0. 30.  0.  0.  0.  0.  0.  0.],"['', '', '', '', '', '', '', '', '', '', '', '', '']","[ 705.   773.5  827.5  883.5  936.5 1008.   494.5  528.5  598.   636.5
  657.5  683.5  734.5]","[15.178931 14.712879 15.288018 14.783429 14.830841 14.317165 13.863621
 14.028658 14.543078 14.575017 15.101587 15.178932 15.412713]","[57.23722  62.24287  67.35194  72.72626  77.25274  82.027336 43.826927
 44.891705 49.59739  51.603436 53.637714 55.656086 58.12264 ]",[ 74.  87.  84.  94.  98. 123.  59.  60.  71.  82.  70.  75.  82.],"[[861. 962.]
 [858. 964.]
 [857. 963.]
 [859. 963.]
 [860. 952.]
 [863. 953.]
 [874. 930.]
 [873. 934.]
 [874. 935.]
 [873. 940.]
 [869. 947.]
 [869. 947.]
 [870. 946.]]"
18,2,[34. 35. 36. 37. 38. 39. 40. 41. 42. 43. 44. 45.],[0. 0. 0. 0. 0. 0. 0. 0. 0. 0. 0. 0.],"['', '', '', '', '', '', '', '', '', '', '', '']","[ 491.   512.5  595.   651.5  696.5  707.   720.   795.5  865.5  938.
 1005.  1014. ]","[13.       14.       15.596097 15.493348 15.865606 15.462245 15.028934
 15.056424 15.360221 16.480574 16.554886 15.976081]","[44.       46.       49.53775  54.540775 58.547535 60.761417 63.556095
 69.52866  74.51459  79.484245 82.35125  86.147095]",[28. 37. 42. 42. 46. 46. 45. 42. 46. 56. 56. 53.],"[[872. 810.]
 [873. 814.]
 [875. 821.]
 [874. 817.]
 [875. 820.]
 [875. 817.]
 [875. 820.]
 [877. 817.]
 [878. 820.]
 [876. 817.]
 [877. 812.]
 [876. 806.]]"
19,6,[34. 35. 36. 37. 38. 39. 40. 41. 42. 43. 44. 45.],[0. 0. 0. 0. 0. 0. 0. 0. 0. 0. 0. 0.],"['', '', '', '', '', '', '', '', '', '', '', '']",[381.5 383.5 382.5 441.  439.  447.5 481.5 508.  533.5 656.  684.  791. ],"[15.037209 14.02454  14.144856 14.991944 14.405881 14.150632 14.310834
 14.310834 14.28539  15.178931 15.534796 15.723212]","[32.984844 34.204887 34.668762 36.373898 37.55819  38.78321  40.696438
 43.379715 45.674377 53.75872  60.4131   66.11929 ]",[36. 40. 38. 39. 50. 56. 58. 63. 70. 68. 74. 90.],"[[834. 834.]
 [836. 836.]
 [833. 838.]
 [829. 834.]
 [829. 838.]
 [829. 835.]
 [828. 837.]
 [829. 834.]
 [830. 833.]
 [831. 829.]
 [837. 834.]
 [837. 833.]]"
20,10,[34. 35. 36. 37. 38. 39. 40. 41. 42. 43. 44. 45.],[ 0.  0. 27.  0.  0.  0.  0.  0.  0.  0.  0.  0.],"['', '', '', '', '', '', '', '', '', '', '', '']","[ 493.5 1066.   523.5  571.5  597.5  647.5  667.   732.5  746.   810.5
  870.   987. ]","[16.232796  18.62128   14.758048  14.265549  13.916662  14.363577
 14.47168   14.965618  14.4258795 14.891687  15.976395  16.657139 ]","[39.556763 90.24853  44.72136  48.855667 53.234608 56.93286  58.25309
 62.72502  64.44172  69.31668  73.35087  77.61649 ]",[49. 89. 59. 62. 65. 71. 75. 86. 82. 85. 87. 76.],"[[808. 820.]
 [802. 837.]
 [808. 819.]
 [806. 809.]
 [804. 815.]
 [805. 811.]
 [807. 807.]
 [809. 800.]
 [810. 796.]
 [809. 792.]
 [814. 783.]
 [816. 771.]]"
21,11,[34. 35. 36. 37. 38. 39. 40. 41. 42. 43. 44. 45.],[ 0.  0.  0.  0.  0.  0.  0.  0.  0.  0.  0. 44.],"['', '', '', '', '', '', '', '', '', '', '', '']",[511.  519.  547.  583.5 637.5 672.5 735.  786.  819.  875.5 929.  462.5],"[15.983162 15.008203 14.       15.       15.153518 15.829275 15.396851
 15.431969 15.133207 15.       14.874769 14.797826]","[40.369396 41.675667 45.       47.       51.247192 53.331497 58.219345
 62.298374 65.20842  71.       76.07907  40.08665 ]",[40. 34. 32. 39. 26. 37. 41. 38. 37. 34. 36. 38.],"[[820. 860.]
 [817. 857.]
 [815. 863.]
 [810. 858.]
 [810. 862.]
 [811. 861.]
 [809. 865.]
 [810. 861.]
 [811. 860.]
 [811. 858.]
 [812. 860.]
 [812. 835.]]"
22,13,[34. 35. 36. 37. 38. 39. 40. 41. 42. 43. 44. 45.],[ 0.  0.  0.  0.  0.  0.  0.  0. 33.  0.  0.  0.],"['', '', '', '', '', '', '', '', '', '', '', '']",[581.  636.5 676.  733.5 793.  835.5 929.  967.  408.  447.  466.5 529.5],"[14.758048  14.588995  14.4684925 14.446915  14.320658  14.
 14.716952  14.962829  12.403397  12.44508   11.940447  12.748465 ]","[47.40464  52.3539   57.166862 61.794422 67.11472  73.       77.05309
 82.20468  41.465366 44.406307 47.36377  51.34897 ]",[66. 76. 86. 68. 36. 45. 36. 53. 34. 44. 39. 41.],"[[881. 851.]
 [885. 850.]
 [888. 862.]
 [891. 858.]
 [895. 856.]
 [897. 849.]
 [896. 851.]
 [898. 849.]
 [897. 825.]
 [896. 825.]
 [897. 823.]
 [896. 820.]]"
23,12,[34. 35. 36. 37. 38. 39. 40. 41. 42. 43. 44. 45.],[0. 0. 0. 0. 0. 0. 0. 0. 0. 0. 0. 0.],"['', '', '', '', '', '', '', '', '', '', '', '']",[460.5 474.  509.5 542.5 571.5 624.5 679.  731.  787.  830.5 880.  931.5],"[13.8583975 13.034987  13.335897  13.619393  13.316316  14.263994
 14.388029  14.884169  15.781708  16.616312  17.06721   16.916487 ]","[41.10542  43.483124 45.891174 48.82028  51.292477 53.831074 58.17229
 61.27316  64.187256 66.93716  71.81587  78.852394]",[33. 36. 49. 51. 46. 37. 38. 36. 42. 64. 66. 78.],"[[ 809.  998.]
 [ 807.  999.]
 [ 809. 1000.]
 [ 807.  991.]
 [ 807.  994.]
 [ 806.  996.]
 [ 804. 1006.]
 [ 805. 1011.]
 [ 807. 1019.]
 [ 805. 1028.]
 [ 805. 1030.]
 [ 802. 1028.]]"
24,3,[34. 35. 36. 37. 38. 39. 40. 41. 42. 43. 44. 45.],[ 0.  0.  0.  0.  0.  0.  0.  0.  0.  0. 42.  0.],"['', '', '', '', '', '', '', '', '', '', '', '']",[501.5 519.5 581.  632.5 678.  757.5 814.5 902.5 951.5 992.  419.  477.5],"[13.930521 13.348953 14.429478 14.83494  14.602225 15.524175 15.818271
 17.227827 17.30709  16.892776 12.84259  14.316174]","[44.47816  48.218414 51.93467  55.21895  58.590862 63.771503 68.14939
 71.7826   76.3933   83.20775  41.096294 43.37516 ]",[26. 37. 54. 65. 76. 64. 62. 84. 78. 64. 29. 41.],"[[ 790. 1017.]
 [ 786. 1012.]
 [ 786. 1014.]
 [ 784. 1004.]
 [ 784. 1006.]
 [ 783. 1004.]
 [ 782. 1007.]
 [ 782. 1007.]
 [ 783. 1010.]
 [ 780. 1009.]
 [ 780.  980.]
 [ 777.  972.]]"
25,1,[35. 36. 37. 38. 39. 40. 41. 42. 43. 44. 45.],[ 0.  0.  0.  0.  0.  0.  0.  0.  0. 41.  0.],"['', '', '', '', '', '', '', '', '', '', '']",[612.  632.5 670.5 720.5 771.  800.  871.5 927.5 959.5 483.5 522.5],"[14.915933  14.604711  14.344442  14.1448555 14.648781  13.863621
 14.758047  15.435001  15.363987  14.326923  13.964421 ]","[48.913227 52.14848  56.28923  61.29437  64.09993  66.63483  72.89581
 77.87732  85.09169  42.71484  45.313126]",[ 40.  60.  72.  63.  90.  94. 106. 102. 107.  50.  34.],"[[794. 795.]
 [792. 803.]
 [788. 800.]
 [786. 806.]
 [784. 807.]
 [782. 811.]
 [781. 809.]
 [781. 809.]
 [781. 809.]
 [773. 834.]
 [771. 836.]]"
26,21,[36. 37. 38. 39. 40. 41. 42. 43. 44. 45.],[ 0.  0.  0.  0.  0.  0.  0.  0.  0. 45.],"['', '', '', '', '', '', '', '', '', '']",[525.5 570.  613.  660.5 696.5 764.5 805.  872.  883.5 432. ],"[13.       13.961749 14.344133 14.402568 14.462594 14.256197 14.107175
 14.593387 14.917228 14.      ]","[45.       49.235485 52.595158 54.654522 59.61037  64.69164  68.356865
 72.06192  77.43967  37.      ]",[23. 36. 37. 34. 38. 38. 51. 38. 59. 31.],"[[794. 869.]
 [789. 861.]
 [789. 872.]
 [790. 871.]
 [789. 871.]
 [789. 868.]
 [790. 868.]
 [791. 868.]
 [791. 863.]
 [790. 874.]]"
27,15,[36. 37. 38. 39. 40. 41. 42. 43. 44. 45.],[0. 0. 0. 0. 0. 0. 0. 0. 0. 0.],"['', '', '', '', '', '', '', '', '', '']",[392.5 397.5 453.5 502.  546.  570.  542.  590.  622.5 655. ],"[12.854386 12.891946 13.844436 14.317411 14.794673 14.484239 13.619391
 12.918258 12.704721 12.969193]","[38.32063  38.52593  41.482403 44.796143 48.992195 51.25192  54.12835
 57.262665 61.797573 64.84597 ]",[43. 32. 51. 52. 54. 64. 66. 72. 79. 93.],"[[ 862. 1033.]
 [ 860. 1032.]
 [ 860. 1038.]
 [ 861. 1040.]
 [ 862. 1046.]
 [ 867. 1041.]
 [ 873. 1035.]
 [ 878. 1028.]
 [ 879. 1031.]
 [ 878. 1030.]]"
28,14,[38. 39. 40. 41. 42. 43. 44. 45.],[0. 0. 0. 0. 0. 0. 0. 0.],"['', '', '', '', '', '', '', '']",[427.5 482.5 505.  512.5 557.5 574.  627.  702.5],"[13.927151 14.310834 14.062882 13.088904 13.657521 12.9791   13.25223
 14.090565]","[38.25324  41.14365  43.903637 46.591404 50.78891  52.61587  56.263855
 61.222282]",[54. 59. 63. 56. 45. 52. 58. 69.],"[[ 801. 1044.]
 [ 801. 1047.]
 [ 799. 1057.]
 [ 798. 1059.]
 [ 801. 1066.]
 [ 802. 1071.]
 [ 804. 1077.]
 [ 803. 1079.]]"
29,18,[39. 40. 41. 42. 43. 44. 45.],[0. 0. 0. 0. 0. 0. 0.],"['', '', '', '', '', '', '']",[477.  476.5 534.  575.5 628.5 686.5 725. ],[14.660736 14.083645 13.863621 14.846155 15.292507 15.748746 16.243841],[41.187637 42.54232  46.510212 49.769238 52.195553 56.406223 59.614433],[59. 55. 69. 62. 70. 72. 82.],"[[ 853.  973.]
 [ 852.  981.]
 [ 852.  985.]
 [ 851.  994.]
 [ 847. 1004.]
 [ 848. 1007.]
 [ 847. 1007.]]"
30,8,[39. 40. 41. 42. 43. 44. 45.],[0. 0. 0. 0. 0. 0. 0.],"['', '', '', '', '', '', '']",[484.5 523.  569.5 569.  622.  619.5 692. ],"[14.760134  14.725219  14.796753  14.        14.        14.581784
 14.7113495]",[42.295845 45.087837 48.195137 50.       52.       53.08369  57.461178],[45. 33. 35. 34. 35. 29. 30.],"[[ 821. 1031.]
 [ 820. 1042.]
 [ 822. 1047.]
 [ 828. 1056.]
 [ 831. 1061.]
 [ 832. 1068.]
 [ 831. 1070.]]"
31,13,[41. 42. 43. 44. 45.],[0. 0. 0. 0. 0.],"['', '', '', '', '']",[449.5 444.5 554.  526.  545. ],[14.10048   14.144856  15.885407  14.2302475 14.045214 ],[39.80674  39.661064 45.106712 46.169254 49.310253],[39. 42. 46. 62. 68.],"[[857. 877.]
 [857. 880.]
 [853. 885.]
 [849. 893.]
 [850. 894.]]"
32,23,[42. 43. 44. 45.],[0. 0. 0. 0.],"['', '', '', '']",[492.  529.5 546.  578.5],[14.84786  14.445799 14.449991 14.467152],[40.288403 44.128376 46.689995 48.9157  ],[30. 28. 50. 57.],"[[899. 872.]
 [898. 877.]
 [898. 877.]
 [899. 876.]]"
33,2,[43. 44. 45.],[0. 0. 0.],"['', '', '']",[498.  541.5 572.5],[14.310834 15.20526  14.758047],[42.48529  44.274143 47.851852],[57. 63. 68.],"[[893. 779.]
 [899. 780.]
 [901. 778.]]"
34,9,[43. 44. 45.],[0. 0. 0.],"['', '', '']",[337.  325.  333.5],[13.       12.658722 12.437965],[31.       32.222202 32.63722 ],[20. 32. 26.],"[[855. 796.]
 [858. 784.]
 [857. 778.]]"
35,16,[43. 44. 45.],[0. 0. 0.],"['', '', '']",[455.  475.  494.5],[14.230248 14.837629 14.766557],[39.844692 40.836308 43.65765 ],[49. 57. 55.],"[[855. 836.]
 [855. 825.]
 [854. 821.]]"
36,17,[43. 44. 45.],[0. 0. 0.],"['', '', '']",[453.5 479.  486. ],[15.       15.057213 14.862704],[38.       40.513058 41.425835],[29. 52. 51.],"[[833. 920.]
 [827. 922.]
 [827. 925.]]"
37,12,[43. 44. 45.],[0. 0. 0.],"['', '', '']",[365.  375.5 451.5],[14.       13.391634 14.085919],[33.       34.891964 38.822166],[30. 32. 43.],"[[800. 971.]
 [800. 969.]
 [796. 961.]]"
38,4,[43. 44. 45.],[0. 0. 0.],"['', '', '']",[568.5 585.5 607.5],[14.22059  13.863621 13.416407],[49.636196 51.876778 55.007267],[65. 77. 78.],"[[ 887. 1053.]
 [ 889. 1054.]
 [ 888. 1053.]]"
39,1,[44. 45.],[0. 0.],"['', '']",[465. 503.],[14.863391 15.305029],[39.322132 42.010742],[39. 48.],"[[798. 752.]
 [796. 746.]]"
40,26,[44. 45.],[0. 0.],"['', '']",[492.  557.5],[13.863621 15.263969],[43.37972 46.10991],[73. 68.],"[[791. 789.]
 [788. 787.]]"
41,25,[44. 45.],[0. 0.],"['', '']",[549.5 563. ],[16. 15.],[44. 47.],[35. 32.],"[[ 779. 1027.]
 [ 778. 1024.]]"
42,3,[44. 45.],[0. 0.],"['', '']",[376. 422.],[12.861921  13.2070675],[34.991165 38.063442],[43. 54.],"[[ 774. 1068.]
 [ 773. 1068.]]"
43,22,[45.],[0.],[''],[454.],[13.],[39.],[26.],[[811. 878.]]
44,27,[45.],[0.],[''],[455.5],[13.605106],[40.293865],[32.],[[792. 829.]]
45,11,[45.],[0.],[''],[338.],[13.281565],[32.25523],[47.],[[802. 915.]]
